basilisk_rules,file,category,status,caught,missed,false_positives
aliases_implicit|assignment_compatibility,aliases_explicit.py,aliases,FAIL,21,0,2
aliases_implicit|annotations_forward_refs|generics_defaults_specialization,aliases_implicit.py,aliases,PASS,22,0,0
aliases_implicit,aliases_newtype.py,aliases,FAIL,1,13,1
assignment_compatibility,aliases_recursive.py,aliases,FAIL,5,6,2
aliases_type_statement|generics_syntax_scoping,aliases_type_statement.py,aliases,PASS,24,0,0
,aliases_typealiastype.py,aliases,FAIL,0,22,0
,aliases_variance.py,aliases,FAIL,0,4,0
,annotations_coroutines.py,annotations,PASS,0,0,0
annotations_forward_refs,annotations_forward_refs.py,annotations,PASS,19,0,0
annotations_generators,annotations_generators.py,annotations,FAIL,8,2,1
,annotations_methods.py,annotations,PASS,0,0,0
aliases_implicit|annotations_forward_refs|annotations_typeexpr,annotations_typeexpr.py,annotations,PASS,15,0,0
assignment_compatibility|callables_protocol,callables_annotation.py,callables,FAIL,1,15,2
callables_protocol_2|calls_argument_type,callables_kwargs.py,callables,FAIL,5,7,3
annotations_forward_refs|assignment_compatibility|callables_protocol|callables_protocol_2|overloads_consistency,callables_protocol.py,callables,FAIL,14,3,23
annotations_forward_refs|assignment_compatibility|callables_protocol|overloads_consistency,callables_subtyping.py,callables,FAIL,30,2,3
,classes_classvar.py,classes,FAIL,0,17,0
overloads_consistency,classes_override.py,classes,FAIL,0,5,3
constructors_call_init|overloads_consistency,constructors_call_init.py,constructors,FAIL,1,4,2
calls_argument_count,constructors_call_metaclass.py,constructors,PASS,2,0,0
,constructors_call_new.py,constructors,FAIL,0,2,0
constructors_call_type,constructors_call_type.py,constructors,PASS,8,0,0
annotations_forward_refs|overloads_consistency,constructors_callable.py,constructors,FAIL,0,12,2
,constructors_consistency.py,constructors,PASS,0,0,0
overloads_consistency,dataclasses_descriptors.py,dataclasses,FAIL,0,0,2
qualifiers_final_annotation_2,dataclasses_final.py,dataclasses,FAIL,0,5,1
classes_override_2|dataclasses_frozen,dataclasses_frozen.py,dataclasses,FAIL,2,0,1
dataclasses_hash,dataclasses_hash.py,dataclasses,FAIL,2,2,0
classes_override_2,dataclasses_inheritance.py,dataclasses,PASS,2,0,0
dataclasses_kwonly,dataclasses_kwonly.py,dataclasses,FAIL,2,1,0
dataclasses_match_args,dataclasses_match_args.py,dataclasses,PASS,1,0,0
,dataclasses_order.py,dataclasses,FAIL,0,1,0
dataclasses_postinit,dataclasses_postinit.py,dataclasses,FAIL,3,1,0
dataclasses_slots,dataclasses_slots.py,dataclasses,FAIL,1,3,0
dataclasses_frozen,dataclasses_transform_class.py,dataclasses,FAIL,2,4,0
assignment_compatibility|overloads_consistency,dataclasses_transform_converter.py,dataclasses,FAIL,0,9,3
constructors_call_init|overloads_consistency,dataclasses_transform_field.py,dataclasses,FAIL,2,0,3
assignment_compatibility|constructors_call_init|dataclasses_frozen,dataclasses_transform_func.py,dataclasses,FAIL,4,2,4
dataclasses_frozen,dataclasses_transform_meta.py,dataclasses,FAIL,2,4,0
calls_argument_count|dataclasses_inheritance|dataclasses_kwonly,dataclasses_usage.py,dataclasses,FAIL,8,1,0
,directives_assert_type.py,directives,FAIL,0,7,0
,directives_cast.py,directives,FAIL,0,3,0
,directives_deprecated.py,directives,FAIL,0,12,0
directives_disjoint_base,directives_disjoint_base.py,directives,FAIL,1,7,0
calls_argument_count|calls_argument_type|returns_compatibility_2,directives_no_type_check.py,directives,PASS,1,0,0
,directives_reveal_type.py,directives,FAIL,0,2,0
assignment_compatibility,directives_type_checking.py,directives,FAIL,0,0,1
,directives_type_ignore.py,directives,PASS,0,0,0
,directives_type_ignore_file1.py,directives,PASS,0,0,0
assignment_compatibility,directives_type_ignore_file2.py,directives,PASS,1,0,0
,directives_version_platform.py,directives,FAIL,0,3,0
enums_behaviors,enums_behaviors.py,enums,FAIL,1,2,0
enums_definition,enums_definition.py,enums,PASS,1,0,0
,enums_expansion.py,enums,FAIL,0,1,0
,enums_member_names.py,enums,PASS,0,0,0
,enums_member_values.py,enums,FAIL,0,2,0
enums_members,enums_members.py,enums,FAIL,1,6,0
,exceptions_context_managers.py,exceptions,PASS,0,0,0
generics_base_class_2|generics_defaults_specialization,generics_base_class.py,generics,FAIL,3,4,0
calls_argument_type|generics_basic|generics_basic_3,generics_basic.py,generics,FAIL,6,12,0
generics_defaults_2,generics_defaults.py,generics,FAIL,2,4,0
generics_defaults_referential,generics_defaults_referential.py,generics,FAIL,2,5,0
assignment_compatibility|generics_defaults_specialization,generics_defaults_specialization.py,generics,FAIL,2,1,0
annotations_forward_refs|generics_basic,generics_paramspec_basic.py,generics,FAIL,6,1,0
annotations_forward_refs|callables_protocol,generics_paramspec_components.py,generics,FAIL,16,0,7
annotations_forward_refs|callables_protocol,generics_paramspec_semantics.py,generics,FAIL,9,0,7
annotations_forward_refs|generics_base_class_2|generics_defaults_specialization,generics_paramspec_specialization.py,generics,FAIL,0,5,4
,generics_scoping.py,generics,FAIL,0,14,0
,generics_self_advanced.py,generics,PASS,0,0,0
,generics_self_attributes.py,generics,FAIL,0,2,0
,generics_self_basic.py,generics,FAIL,0,3,0
,generics_self_protocols.py,generics,FAIL,0,2,0
,generics_self_usage.py,generics,FAIL,0,11,0
generics_syntax_compatibility,generics_syntax_compatibility.py,generics,PASS,2,0,0
generics_syntax_declarations|generics_syntax_declarations_2,generics_syntax_declarations.py,generics,FAIL,7,3,0
generics_typevartuple_basic|overloads_consistency,generics_syntax_infer_variance.py,generics,FAIL,2,16,1
aliases_implicit|generics_syntax_scoping,generics_syntax_scoping.py,generics,PASS,7,0,0
,generics_type_erasure.py,generics,FAIL,0,7,0
generics_typevartuple_args,generics_typevartuple_args.py,generics,FAIL,6,2,0
generics_typevartuple_args|generics_typevartuple_basic|generics_typevartuple_basic_2,generics_typevartuple_basic.py,generics,FAIL,9,4,0
,generics_typevartuple_callable.py,generics,FAIL,0,1,0
,generics_typevartuple_concat.py,generics,PASS,0,0,0
overloads_consistency,generics_typevartuple_overloads.py,generics,FAIL,0,0,1
generics_typevartuple_specialization|generics_typevartuple_specialization_2,generics_typevartuple_specialization.py,generics,PASS,6,0,0
generics_typevartuple_unpack,generics_typevartuple_unpack.py,generics,PASS,1,0,0
generics_basic|generics_typevartuple_basic,generics_upper_bound.py,generics,FAIL,2,2,0
generics_typevartuple_basic,generics_variance.py,generics,FAIL,1,12,0
,generics_variance_inference.py,generics,FAIL,0,23,0
historical_positional,historical_positional.py,historical,PASS,4,0,0
assignment_compatibility|overloads_consistency,literals_interactions.py,literals,FAIL,0,4,4
assignment_compatibility|overloads_consistency,literals_literalstring.py,literals,FAIL,4,5,4
,literals_parameterizations.py,literals,FAIL,0,17,0
,literals_semantics.py,literals,FAIL,0,4,0
constructors_call_init,namedtuples_define_class.py,namedtuples,FAIL,0,15,1
,namedtuples_define_functional.py,namedtuples,FAIL,0,9,0
,namedtuples_type_compat.py,namedtuples,FAIL,0,2,0
constructors_call_init,namedtuples_usage.py,namedtuples,FAIL,0,8,1
,narrowing_typeguard.py,narrowing,FAIL,0,4,0
,narrowing_typeis.py,narrowing,FAIL,0,9,0
overloads_basic,overloads_basic.py,overloads,PASS,1,0,0
overloads_consistency,overloads_consistency.py,overloads,FAIL,0,0,2
overloads_consistency|overloads_consistency_2|overloads_definitions,overloads_definitions.py,overloads,FAIL,0,3,13
overloads_consistency|overloads_consistency_2|overloads_definitions,overloads_definitions_stub.pyi,overloads,FAIL,0,1,7
calls_argument_count|overloads_consistency|overloads_evaluation,overloads_evaluation.py,overloads,FAIL,2,2,11
,protocols_class_objects.py,protocols,FAIL,0,8,0
,protocols_definition.py,protocols,FAIL,0,21,0
,protocols_explicit.py,protocols,FAIL,0,6,0
generics_base_class_2,protocols_generic.py,protocols,FAIL,0,9,1
assignment_compatibility,protocols_merging.py,protocols,FAIL,2,4,2
,protocols_modules.py,protocols,FAIL,0,3,0
,protocols_recursive.py,protocols,PASS,0,0,0
,protocols_runtime_checkable.py,protocols,FAIL,0,6,0
,protocols_self.py,protocols,PASS,0,0,0
assignment_compatibility,protocols_subtyping.py,protocols,FAIL,6,1,7
callables_protocol,protocols_variance.py,protocols,FAIL,0,7,1
,qualifiers_annotated.py,qualifiers,FAIL,0,20,0
assignment_compatibility|qualifiers_final_annotation_2,qualifiers_final_annotation.py,qualifiers,FAIL,15,11,5
overloads_consistency|qualifiers_final_decorator,qualifiers_final_decorator.py,qualifiers,FAIL,1,8,3
assignment_compatibility,specialtypes_any.py,specialtypes,FAIL,0,0,4
assignment_compatibility,specialtypes_never.py,specialtypes,FAIL,1,2,4
assignment_compatibility|calls_argument_type,specialtypes_none.py,specialtypes,FAIL,3,0,1
,specialtypes_promotions.py,specialtypes,FAIL,0,1,0
specialtypes_type,specialtypes_type.py,specialtypes,FAIL,2,7,0
assignment_compatibility,tuples_type_compat.py,tuples,FAIL,6,18,2
assignment_compatibility|tuples_type_form|tuples_type_form_2,tuples_type_form.py,tuples,PASS,11,0,0
tuples_type_form,tuples_unpacked.py,tuples,FAIL,3,2,0
aliases_implicit,typeddicts_alt_syntax.py,typeddicts,FAIL,0,4,4
typeddicts_class_syntax|typeddicts_class_syntax_2,typeddicts_class_syntax.py,typeddicts,FAIL,3,1,0
aliases_implicit|assignment_compatibility|typeddicts_operations,typeddicts_extra_items.py,typeddicts,FAIL,3,24,2
assignment_compatibility|typeddicts_operations,typeddicts_final.py,typeddicts,FAIL,0,0,2
,typeddicts_inheritance.py,typeddicts,FAIL,0,3,0
typeddicts_operations,typeddicts_operations.py,typeddicts,FAIL,8,3,0
aliases_implicit|typeddicts_readonly,typeddicts_readonly.py,typeddicts,FAIL,5,1,1
assignment_compatibility,typeddicts_readonly_consistency.py,typeddicts,FAIL,7,0,5
typeddicts_operations|typeddicts_readonly,typeddicts_readonly_inheritance.py,typeddicts,FAIL,3,8,0
callables_protocol_2,typeddicts_readonly_kwargs.py,typeddicts,FAIL,0,1,1
typeddicts_operations|typeddicts_readonly,typeddicts_readonly_update.py,typeddicts,FAIL,1,0,1
aliases_implicit|typeddicts_operations,typeddicts_required.py,typeddicts,FAIL,0,4,3
aliases_implicit|typeddicts_operations,typeddicts_type_consistency.py,typeddicts,FAIL,1,8,2
typeddicts_operations|typeddicts_usage,typeddicts_usage.py,typeddicts,FAIL,4,1,0
assignment_compatibility,typeforms_typeform.py,typeforms,FAIL,3,13,0
